{"cameraMode":{"drawMode":0,"name":"Shaded","section":"Shading Mode"},"sceneLighting":true,"audioPlay":false,"sceneViewState":{"showFog":true,"showMaterialUpdate":false,"showSkybox":true,"showFlares":true,"showImageEffects":true,"showParticleSystems":true},"in2DMode":false,"pivot":{"x":4.831954002380371,"y":-5.089694976806641,"z":-3.1082987785339357},"rotation":{"x":-0.42649197578430178,"y":-0.08094487339258194,"z":0.03835758566856384,"w":-0.9000451564788818},"size":9.627132415771485,"orthographic":false}