{"cameraMode":{"drawMode":0,"name":"Shaded","section":"Shading Mode"},"sceneLighting":true,"audioPlay":false,"sceneViewState":{"showFog":true,"showMaterialUpdate":false,"showSkybox":true,"showFlares":true,"showImageEffects":true,"showParticleSystems":true},"in2DMode":false,"pivot":{"x":4.2979254722595219,"y":-5.539374351501465,"z":-9.21589469909668},"rotation":{"x":-0.10339606553316117,"y":0.8736867308616638,"z":-0.21241731941699983,"w":-0.4252760410308838},"size":7.742785453796387,"orthographic":false}