{"cameraMode":{"drawMode":0,"name":"Shaded","section":"Shading Mode"},"sceneLighting":true,"audioPlay":false,"sceneViewState":{"showFog":true,"showMaterialUpdate":false,"showSkybox":true,"showFlares":true,"showImageEffects":true,"showParticleSystems":true},"in2DMode":false,"pivot":{"x":449.71588134765627,"y":283.3724365234375,"z":-12.83538818359375},"rotation":{"x":-0.03450265899300575,"y":-0.016183173283934594,"z":0.0005600256845355034,"w":-0.999273419380188},"size":260.1803894042969,"orthographic":false}