{"cameraMode":{"drawMode":0,"name":"Shaded","section":"Shading Mode"},"sceneLighting":false,"audioPlay":false,"sceneViewState":{"showFog":true,"showMaterialUpdate":false,"showSkybox":true,"showFlares":true,"showImageEffects":true,"showParticleSystems":true},"in2DMode":false,"pivot":{"x":0.06219965219497681,"y":-0.08709502220153809,"z":-0.39204758405685427},"rotation":{"x":-0.09048278629779816,"y":-0.8837729096412659,"z":0.4171445667743683,"w":-0.19169990718364716},"size":2.212958812713623,"orthographic":false}