{"cameraMode":{"drawMode":0,"name":"Shaded","section":"Shading Mode"},"sceneLighting":true,"audioPlay":false,"sceneViewState":{"showFog":true,"showMaterialUpdate":false,"showSkybox":true,"showFlares":true,"showImageEffects":true,"showParticleSystems":true},"in2DMode":false,"pivot":{"x":601.004638671875,"y":344.3585205078125,"z":-4.617431640625},"rotation":{"x":-0.17753247916698457,"y":0.019490625709295274,"z":-0.003515501506626606,"w":-0.9839156866073608},"size":672.505859375,"orthographic":false}