{"cameraMode":{"drawMode":0,"name":"Shaded","section":"Shading Mode"},"sceneLighting":true,"audioPlay":false,"sceneViewState":{"showFog":true,"showMaterialUpdate":false,"showSkybox":true,"showFlares":true,"showImageEffects":true,"showParticleSystems":true},"in2DMode":false,"pivot":{"x":5.789447784423828,"y":-3.707444190979004,"z":-4.997745513916016},"rotation":{"x":-0.10416680574417114,"y":-0.8928619027137756,"z":0.2688867747783661,"w":-0.34590011835098269},"size":5.994388103485107,"orthographic":false}