{"cameraMode":{"drawMode":0,"name":"Shaded","section":"Shading Mode"},"sceneLighting":true,"audioPlay":false,"sceneViewState":{"showFog":true,"showMaterialUpdate":false,"showSkybox":true,"showFlares":true,"showImageEffects":true,"showParticleSystems":true},"in2DMode":false,"pivot":{"x":5.318979263305664,"y":-1.9675912857055665,"z":-3.925537109375},"rotation":{"x":-0.1716882586479187,"y":0.5465912222862244,"z":-0.11565306037664414,"w":-0.8114097118377686},"size":25.022659301757814,"orthographic":false}