{"cameraMode":{"drawMode":0,"name":"Shaded","section":"Shading Mode"},"sceneLighting":false,"audioPlay":false,"sceneViewState":{"showFog":true,"showMaterialUpdate":false,"showSkybox":true,"showFlares":true,"showImageEffects":true,"showParticleSystems":true},"in2DMode":false,"pivot":{"x":6.4882001876831059,"y":-3.177560329437256,"z":-6.13100004196167},"rotation":{"x":-0.14160458743572236,"y":0.7923771739006043,"z":-0.20097576081752778,"w":-0.5582968592643738},"size":0.21894071996212007,"orthographic":false}