{"cameraMode":{"drawMode":0,"name":"Shaded","section":"Shading Mode"},"sceneLighting":false,"audioPlay":false,"sceneViewState":{"showFog":true,"showMaterialUpdate":false,"showSkybox":true,"showFlares":true,"showImageEffects":true,"showParticleSystems":true},"in2DMode":false,"pivot":{"x":-0.18395781517028809,"y":0.631181001663208,"z":-2.263887643814087},"rotation":{"x":-0.007011725101619959,"y":0.9836452603340149,"z":-0.039266761392354968,"w":-0.17564436793327332},"size":3.968510389328003,"orthographic":false}