{"cameraMode":{"drawMode":0,"name":"Shaded","section":"Shading Mode"},"sceneLighting":false,"audioPlay":false,"sceneViewState":{"showFog":true,"showMaterialUpdate":false,"showSkybox":true,"showFlares":true,"showImageEffects":true,"showParticleSystems":true},"in2DMode":false,"pivot":{"x":0.1680203080177307,"y":0.5240116119384766,"z":-0.7871236801147461},"rotation":{"x":-0.002583101624622941,"y":-0.9865869283676148,"z":0.015686647966504098,"w":-0.16246119141578675},"size":1.9037353992462159,"orthographic":false}