{"cameraMode":{"drawMode":0,"name":"Shaded","section":"Shading Mode"},"sceneLighting":false,"audioPlay":false,"sceneViewState":{"showFog":true,"showMaterialUpdate":false,"showSkybox":true,"showFlares":true,"showImageEffects":true,"showParticleSystems":true},"in2DMode":false,"pivot":{"x":-0.8947371244430542,"y":0.6606820225715637,"z":0.6519498229026794},"rotation":{"x":0.006590789183974266,"y":0.7784079313278198,"z":0.008173635229468346,"w":-0.62767094373703},"size":2.3561182022094728,"orthographic":false}