{"cameraMode":{"drawMode":0,"name":"Shaded","section":"Shading Mode"},"sceneLighting":false,"audioPlay":false,"sceneViewState":{"showFog":true,"showMaterialUpdate":false,"showSkybox":true,"showFlares":true,"showImageEffects":true,"showParticleSystems":true},"in2DMode":false,"pivot":{"x":5.363150596618652,"y":-3.1948800086975099,"z":-6.088131904602051},"rotation":{"x":0.08613758534193039,"y":0.501531183719635,"z":-0.05027036741375923,"w":0.8593717217445374},"size":0.49946361780166628,"orthographic":false}