{"cameraMode":{"drawMode":0,"name":"Shaded","section":"Shading Mode"},"sceneLighting":false,"audioPlay":false,"sceneViewState":{"showFog":true,"showMaterialUpdate":false,"showSkybox":true,"showFlares":true,"showImageEffects":true,"showParticleSystems":true},"in2DMode":false,"pivot":{"x":0.03423178195953369,"y":0.5047011375427246,"z":-0.5275497436523438},"rotation":{"x":0.0020628056954592468,"y":0.9949432611465454,"z":-0.020897312089800836,"w":0.09821956604719162},"size":2.106701612472534,"orthographic":false}