{"cameraMode":{"drawMode":0,"name":"Shaded","section":"Shading Mode"},"sceneLighting":false,"audioPlay":false,"sceneViewState":{"showFog":true,"showMaterialUpdate":false,"showSkybox":true,"showFlares":true,"showImageEffects":true,"showParticleSystems":true},"in2DMode":false,"pivot":{"x":0.243743896484375,"y":0.6636638641357422,"z":0.05712890625},"rotation":{"x":-0.0282307006418705,"y":0.9470958113670349,"z":-0.08690190315246582,"w":-0.3076694905757904},"size":1.1177235841751099,"orthographic":true}