{"cameraMode":{"drawMode":0,"name":"Shaded","section":"Shading Mode"},"sceneLighting":false,"audioPlay":false,"sceneViewState":{"showFog":true,"showMaterialUpdate":false,"showSkybox":true,"showFlares":true,"showImageEffects":true,"showParticleSystems":true},"in2DMode":false,"pivot":{"x":5.360000133514404,"y":-3.2100000381469728,"z":-3.6440000534057619},"rotation":{"x":0.06953640282154083,"y":0.22280524671077729,"z":-0.015935542061924936,"w":0.9722492694854736},"size":0.3914768397808075,"orthographic":false}