{"cameraMode":{"drawMode":0,"name":"Shaded","section":"Shading Mode"},"sceneLighting":false,"audioPlay":false,"sceneViewState":{"showFog":true,"showMaterialUpdate":false,"showSkybox":true,"showFlares":true,"showImageEffects":true,"showParticleSystems":true},"in2DMode":false,"pivot":{"x":0.23567178845405579,"y":0.5068135857582092,"z":-0.39798155426979067},"rotation":{"x":0.012874254956841469,"y":0.9783075451850891,"z":-0.06407112628221512,"w":0.19657942652702332},"size":1.5685107707977296,"orthographic":false}